AUN,School District,County,Records,Compensation,Net Profits,Dividends & Interest,Miscellaneous Income,Out-of-State Tax Records,Out-of-State Tax Credit,Out-of-State Income (calculated),"Total
Personal
Income","Adjusted
Personal
Income
June 2025"
112011103,Bermudian Springs SD,Adams,"7,323","$391,983,789","$50,657,823","$15,306,976","$18,633,986",79,"$135,500","$4,413,681","$476,582,574","$472,168,893"
112011603,Conewago Valley SD,Adams,"15,260","$791,931,758","$90,851,492","$35,663,269","$45,706,190",146,"$614,807","$20,026,287","$964,152,709","$944,126,422"
112013054,Fairfield Area SD,Adams,"4,854","$273,944,414","$25,889,555","$9,259,777","$9,548,409",91,"$271,657","$8,848,762","$318,642,155","$309,793,393"
112013753,Gettysburg Area SD,Adams,"13,386","$680,941,922","$84,172,615","$58,783,474","$50,032,430",198,"$368,301","$11,996,775","$873,930,441","$861,933,666"
112015203,Littlestown Area SD,Adams,"7,522","$417,206,681","$46,023,291","$17,751,243","$21,038,452",119,"$222,704","$7,254,202","$502,019,667","$494,765,465"
112018523,Upper Adams SD  ,Adams,"5,877","$283,771,234","$24,639,417","$10,803,954","$15,869,959",58,"$75,214","$2,449,967","$335,084,564","$332,634,597"
103020603,Allegheny Valley SD,Allegheny,"6,016","$325,970,728","$25,392,138","$24,649,774","$27,806,540",60,"$574,800","$18,723,127","$403,819,180","$385,096,053"
103020753,Avonworth SD,Allegheny,"6,309","$624,018,709","$88,726,660","$41,872,163","$51,692,931",130,"$431,357","$14,050,717","$806,310,463","$792,259,746"
103021102,Baldwin-Whitehall SD,Allegheny,"18,372","$1,066,903,459","$63,633,238","$47,055,310","$36,499,739",118,"$111,279","$3,624,723","$1,214,091,746","$1,210,467,023"
103021252,Bethel Park SD  ,Allegheny,"17,138","$1,150,109,508","$95,781,110","$67,446,308","$50,797,197",149,"$295,621","$9,629,349","$1,364,134,123","$1,354,504,774"
103021453,Brentwood Borough SD,Allegheny,"5,446","$281,506,292","$13,996,326","$5,634,598","$4,471,890",33,"$50,253","$1,636,906","$305,609,106","$303,972,200"
103021603,Carlynton SD,Allegheny,"6,936","$409,322,103","$38,723,123","$15,693,218","$19,182,615",64,"$174,447","$5,682,313","$482,921,059","$477,238,746"
103021752,Chartiers Valley SD,Allegheny,"16,170","$1,111,649,826","$123,370,589","$96,461,629","$89,003,121",189,"$697,644","$22,724,560","$1,420,485,165","$1,397,760,605"
103021903,Clairton City SD,Allegheny,"2,555","$89,109,816","$4,405,130","$2,712,432","$2,020,764",7,"$7,340","$239,088","$98,248,142","$98,009,054"
103022103,Cornell SD,Allegheny,"3,580","$175,204,069","$9,970,021","$3,827,634","$5,438,024",21,"$20,068","$653,681","$194,439,748","$193,786,067"
103022253,Deer Lakes SD,Allegheny,"7,558","$429,371,462","$29,243,468","$24,775,972","$23,291,173",28,"$52,899","$1,723,094","$506,682,075","$504,958,981"
103022503,Duquesne City SD,Allegheny,"1,906","$57,509,310","$2,750,220","$1,591,578","$1,115,249",5,"$4,150","$135,179","$62,966,357","$62,831,178"
103022803,East Allegheny SD,Allegheny,"6,335","$271,104,883","$13,663,085","$6,412,069","$6,954,583",29,"$23,967","$780,684","$298,134,620","$297,353,936"
103023153,Elizabeth Forward SD,Allegheny,"8,585","$500,873,228","$39,768,126","$20,852,915","$23,477,210",30,"$42,166","$1,373,485","$584,971,479","$583,597,994"
103023912,Fox Chapel Area SD,Allegheny,"14,244","$1,729,349,391","$469,226,759","$253,385,404","$430,969,412",440,"$2,348,920","$76,512,052","$2,882,930,966","$2,806,418,914"
103024102,Gateway SD,Allegheny,"14,898","$819,845,372","$62,334,900","$45,262,849","$29,057,732",103,"$143,581","$4,676,906","$956,500,853","$951,823,947"
103024603,Hampton Township SD,Allegheny,"9,292","$880,668,496","$151,372,306","$78,011,763","$76,293,589",180,"$690,751","$22,500,033","$1,186,346,154","$1,163,846,121"
103024753,Highlands SD,Allegheny,"8,950","$420,731,027","$22,235,173","$14,889,266","$13,208,466",31,"$60,474","$1,969,837","$471,063,932","$469,094,095"
103025002,Keystone Oaks SD,Allegheny,"11,327","$698,879,065","$41,194,657","$23,782,099","$25,836,543",89,"$81,624","$2,658,762","$789,692,364","$787,033,602"
103026002,Mckeesport Area SD,Allegheny,"11,465","$453,989,214","$29,705,415","$16,395,276","$10,402,443",27,"$37,092","$1,208,208","$510,492,348","$509,284,140"
103026303,Montour SD,Allegheny,"14,989","$1,083,099,756","$119,226,752","$53,661,381","$52,270,845",129,"$282,385","$9,198,208","$1,308,258,734","$1,299,060,526"
103026343,Moon Area SD,Allegheny,"13,380","$1,120,745,210","$117,066,491","$60,754,880","$76,767,897",181,"$447,537","$14,577,752","$1,375,334,478","$1,360,756,726"
103026402,Mt Lebanon SD,Allegheny,"16,685","$1,737,431,939","$305,528,211","$163,851,904","$156,971,709",433,"$1,393,006","$45,374,788","$2,363,783,763","$2,318,408,975"
103026852,North Allegheny SD,Allegheny,"26,677","$3,109,554,563","$476,556,895","$254,491,318","$233,056,244",638,"$2,160,165","$70,363,681","$4,073,659,020","$4,003,295,339"
103026902,North Hills SD  ,Allegheny,"20,593","$1,448,769,881","$98,050,865","$64,256,104","$50,128,549",161,"$259,919","$8,466,417","$1,661,205,399","$1,652,738,982"
103026873,Northgate SD,Allegheny,"6,562","$358,388,929","$20,651,634","$7,470,792","$6,030,851",47,"$44,732","$1,457,068","$392,542,206","$391,085,138"
103027352,Penn Hills SD,Allegheny,"19,570","$920,990,989","$43,728,861","$25,793,077","$28,430,016",82,"$93,471","$3,044,658","$1,018,942,943","$1,015,898,285"
103021003,Pine-Richland SD,Allegheny,"12,969","$1,879,271,699","$262,586,590","$132,130,097","$174,009,078",384,"$1,431,834","$46,639,544","$2,447,997,464","$2,401,357,920"
102027451,Pittsburgh SD,Allegheny,"128,899","$8,678,557,992","$774,023,125","$545,052,279","$760,595,059","2,293","$7,026,324","$228,870,489","$10,758,228,455","$10,529,357,966"
103027503,Plum Borough SD ,Allegheny,"13,369","$862,459,182","$71,419,967","$45,103,972","$40,457,994",77,"$89,098","$2,902,215","$1,019,441,115","$1,016,538,900"
103027753,Quaker Valley SD,Allegheny,"6,742","$870,219,152","$270,679,248","$140,694,958","$251,060,679",285,"$1,969,189","$64,142,964","$1,532,654,037","$1,468,511,073"
103028203,Riverview SD,Allegheny,"4,450","$330,077,775","$42,754,333","$24,782,555","$39,503,093",60,"$117,241","$3,818,925","$437,117,756","$433,298,831"
103028302,Shaler Area SD  ,Allegheny,"19,301","$1,219,437,438","$76,237,092","$52,757,841","$53,770,848",123,"$181,278","$5,904,821","$1,402,203,219","$1,396,298,398"
103028653,South Allegheny SD,Allegheny,"5,081","$229,638,638","$9,015,686","$4,843,544","$4,987,653",10,"$5,676","$184,886","$248,485,521","$248,300,635"
103028703,South Fayette Township SD,Allegheny,"8,437","$888,595,879","$94,578,693","$39,480,957","$52,364,281",149,"$565,068","$18,406,124","$1,075,019,810","$1,056,613,686"
103028753,South Park SD,Allegheny,"7,147","$477,664,554","$33,118,106","$18,855,967","$17,942,961",43,"$59,095","$1,924,919","$547,581,588","$545,656,669"
103028833,Steel Valley SD ,Allegheny,"6,965","$343,824,990","$18,337,710","$10,107,621","$8,247,794",32,"$45,963","$1,497,166","$380,518,115","$379,020,949"
103028853,Sto-Rox SD,Allegheny,"4,691","$174,991,689","$14,575,563","$4,000,820","$3,976,671",19,"$23,951","$780,163","$197,544,743","$196,764,580"
103029203,Upper Saint Clair SD,Allegheny,"9,726","$1,353,397,853","$263,894,848","$145,091,606","$226,113,648",333,"$1,844,799","$60,091,173","$1,988,497,955","$1,928,406,782"
103029403,West Allegheny SD,Allegheny,"12,281","$938,877,447","$81,800,888","$29,879,553","$101,881,032",126,"$1,028,206","$33,492,052","$1,152,438,920","$1,118,946,868"
103029553,West Jefferson Hills SD,Allegheny,"10,050","$767,379,546","$92,796,544","$38,154,187","$39,861,894",85,"$255,115","$8,309,935","$938,192,171","$929,882,236"
103029603,West Mifflin Area SD,Allegheny,"9,966","$480,930,154","$16,146,200","$13,175,356","$11,997,352",36,"$24,705","$804,723","$522,249,062","$521,444,339"
103029803,Wilkinsburg Borough SD ,Allegheny,"5,783","$268,162,516","$24,003,840","$10,428,087","$9,469,199",40,"$166,255","$5,415,472","$312,063,642","$306,648,170"
103029902,Woodland Hills SD,Allegheny,"20,940","$1,136,185,280","$115,965,772","$64,475,899","$57,730,100",168,"$664,779","$21,654,039","$1,374,357,051","$1,352,703,012"
128030603,Apollo-Ridge SD ,Armstrong,"4,107","$193,399,640","$12,114,411","$6,105,003","$6,270,825",13,"$14,342","$467,166","$217,889,879","$217,422,713"
128030852,Armstrong SD,Armstrong,"18,547","$875,070,951","$83,525,719","$37,785,811","$54,536,611",92,"$174,134","$5,672,117","$1,050,919,092","$1,045,246,975"
128033053,Freeport Area SD,Armstrong,"6,107","$411,637,303","$43,882,200","$18,584,010","$39,557,910",53,"$162,485","$5,292,671","$513,661,423","$508,368,752"
128034503,Leechburg Area SD,Armstrong,"2,840","$132,984,165","$5,835,718","$5,434,179","$4,028,632",9,"$11,814","$384,821","$148,282,694","$147,897,873"
127040503,Aliquippa SD,Beaver,"3,601","$136,365,458","$5,611,927","$2,495,366","$12,381,616",13,"$23,280","$758,306","$156,854,367","$156,096,061"
127040703,Ambridge Area SD,Beaver,"11,718","$625,980,743","$37,781,988","$22,915,971","$20,451,752",58,"$83,858","$2,731,531","$707,130,454","$704,398,923"
127041203,Beaver Area SD  ,Beaver,"7,376","$486,152,067","$50,287,088","$27,127,774","$41,990,150",81,"$115,896","$3,775,114","$605,557,079","$601,781,965"
127041503,Big Beaver Falls Area SD,Beaver,"5,704","$234,388,738","$13,483,826","$4,829,246","$4,488,020",25,"$48,548","$1,581,368","$257,189,830","$255,608,462"
127041603,Blackhawk SD,Beaver,"8,412","$516,748,646","$81,628,691","$28,955,292","$25,322,154",76,"$146,986","$4,787,818","$652,654,783","$647,866,965"
127042003,Central Valley SD,Beaver,"8,877","$540,244,795","$36,177,046","$20,657,142","$18,700,152",55,"$73,322","$2,388,339","$615,779,135","$613,390,796"
127042853,Freedom Area SD ,Beaver,"5,387","$259,611,628","$16,894,818","$14,175,316","$16,331,182",32,"$41,963","$1,366,873","$307,012,944","$305,646,071"
127044103,Hopewell Area SD,Beaver,"9,060","$529,973,877","$44,204,715","$18,285,817","$26,689,564",66,"$71,839","$2,340,033","$619,153,973","$616,813,940"
127045303,Midland Borough SD,Beaver,"1,150","$45,686,623","$1,154,501","$780,658","$2,216,245",9,"$51,905","$1,690,717","$49,838,027","$48,147,310"
127045653,New Brighton Area SD,Beaver,"4,658","$209,214,010","$9,759,250","$4,020,663","$4,120,057",31,"$23,337","$760,163","$227,113,980","$226,353,817"
127045853,Riverside Beaver County SD,Beaver,"4,810","$273,750,163","$31,869,928","$21,492,520","$20,510,692",29,"$52,915","$1,723,616","$347,623,303","$345,899,687"
127046903,Rochester Area SD,Beaver,"3,114","$136,717,497","$4,791,972","$2,412,264","$1,977,029",14,"$7,278","$237,068","$145,898,762","$145,661,694"
127047404,South Side Area SD,Beaver,"3,048","$188,719,527","$18,368,213","$6,279,506","$17,923,086",39,"$120,286","$3,918,111","$231,290,332","$227,372,221"
127049303,Western Beaver County SD,Beaver,"2,470","$134,045,331","$11,681,513","$3,912,383","$3,544,648",26,"$143,335","$4,668,893","$153,183,875","$148,514,982"
108051003,Bedford Area SD ,Bedford,"7,695","$354,820,804","$68,876,887","$19,709,017","$29,072,116",100,"$305,633","$9,955,472","$472,478,824","$462,523,352"
108051503,Chestnut Ridge SD,Bedford,"4,864","$220,920,172","$22,242,611","$6,699,480","$9,931,930",37,"$27,265","$888,111","$259,794,193","$258,906,082"
108053003,Everett Area SD ,Bedford,"4,330","$181,001,440","$22,016,378","$7,294,461","$10,922,955",42,"$88,690","$2,888,925","$221,235,234","$218,346,309"
108056004,Northern Bedford County SD,Bedford,"3,005","$134,866,405","$27,775,959","$4,039,137","$10,508,438",18,"$23,252","$757,394","$177,189,939","$176,432,545"
108058003,Tussey Mountain SD,Bedford,"2,850","$122,704,286","$6,234,415","$4,388,902","$3,830,135",17,"$36,339","$1,183,681","$137,157,738","$135,974,057"
114060503,Antietam SD,Berks,"3,962","$198,285,740","$11,492,880","$5,568,520","$5,958,663",39,"$46,598","$1,517,850","$221,305,803","$219,787,953"
114060753,Boyertown Area SD,Berks,"25,447","$1,844,796,483","$167,066,225","$91,290,190","$132,484,724",339,"$640,104","$20,850,293","$2,235,637,622","$2,214,787,329"
114060853,Brandywine Heights Area SD,Berks,"6,194","$383,985,502","$35,943,689","$19,452,136","$16,210,240",57,"$125,355","$4,083,225","$455,591,567","$451,508,342"
114061103,Conrad Weiser Area SD  ,Berks,"10,363","$596,662,315","$65,489,574","$29,113,046","$39,690,080",104,"$210,050","$6,842,020","$730,955,015","$724,112,995"
114061503,Daniel Boone Area SD,Berks,"10,839","$783,823,309","$60,180,564","$30,927,186","$40,893,449",146,"$293,014","$9,544,430","$915,824,508","$906,280,078"
114062003,Exeter Township SD,Berks,"13,508","$907,101,586","$64,618,590","$36,951,176","$31,659,745",159,"$256,458","$8,353,681","$1,040,331,097","$1,031,977,416"
114062503,Fleetwood Area SD,Berks,"8,696","$527,658,337","$41,919,203","$20,127,946","$21,010,397",94,"$119,860","$3,904,235","$610,715,883","$606,811,648"
114063003,Governor Mifflin SD,Berks,"16,490","$1,016,514,488","$132,169,624","$56,446,303","$67,085,723",185,"$445,394","$14,507,948","$1,272,216,138","$1,257,708,190"
114063503,Hamburg Area SD ,Berks,"9,011","$500,480,697","$50,716,178","$20,671,079","$24,650,868",57,"$94,484","$3,077,655","$596,518,822","$593,441,167"
114064003,Kutztown Area SD,Berks,"7,303","$397,330,061","$48,931,204","$26,934,010","$41,702,484",97,"$215,152","$7,008,208","$514,897,759","$507,889,551"
114065503,Muhlenberg SD,Berks,"13,890","$693,579,615","$32,422,695","$20,067,071","$12,544,345",102,"$125,990","$4,103,909","$758,613,726","$754,509,817"
114066503,Oley Valley SD  ,Berks,"6,434","$416,069,547","$61,712,530","$28,637,628","$32,159,285",78,"$279,264","$9,096,547","$538,578,990","$529,482,443"
114067002,Reading SD,Berks,"37,312","$1,303,946,569","$68,132,567","$14,284,804","$29,715,376",313,"$332,536","$10,831,792","$1,416,079,316","$1,405,247,524"
114067503,Schuylkill Valley SD,Berks,"7,348","$491,976,928","$54,999,291","$24,514,499","$30,151,939",75,"$182,031","$5,929,349","$601,642,657","$595,713,308"
114068003,Tulpehocken Area SD,Berks,"6,075","$329,922,395","$92,868,359","$15,912,861","$20,352,677",78,"$174,393","$5,680,554","$459,056,292","$453,375,738"
114068103,Twin Valley SD  ,Berks,"12,360","$808,437,260","$120,787,523","$42,923,536","$44,735,390",197,"$572,915","$18,661,726","$1,016,883,709","$998,221,983"
114069103,Wilson  SD,Berks,"20,565","$1,444,508,201","$168,727,403","$83,516,522","$94,257,789",297,"$819,291","$26,687,003","$1,791,009,915","$1,764,322,912"
114069353,Wyomissing Area SD,Berks,"6,207","$520,544,878","$97,319,670","$90,180,212","$114,069,567",160,"$413,957","$13,483,941","$822,114,327","$808,630,386"
108070502,Altoona Area SD ,Blair,"25,184","$1,109,783,435","$100,648,400","$43,570,466","$51,467,710",130,"$242,299","$7,892,476","$1,305,470,011","$1,297,577,535"
108071003,Bellwood-Antis SD,Blair,"3,867","$204,069,256","$18,106,183","$9,254,479","$13,153,328",20,"$101,647","$3,310,977","$244,583,246","$241,272,269"
108071504,Claysburg-Kimmel SD,Blair,"2,376","$105,422,501","$6,852,764","$3,719,291","$4,631,402",21,"$27,894","$908,599","$120,625,958","$119,717,359"
108073503,Hollidaysburg Area SD  ,Blair,"13,039","$781,200,901","$155,151,530","$62,625,023","$110,823,644",142,"$401,079","$13,064,463","$1,109,801,098","$1,096,736,635"
108077503,Spring Cove SD  ,Blair,"6,228","$278,261,619","$58,540,397","$15,398,031","$18,599,727",39,"$219,558","$7,151,726","$370,799,774","$363,648,048"
108078003,Tyrone Area SD  ,Blair,"5,953","$279,813,769","$28,552,661","$10,138,014","$16,453,909",40,"$85,778","$2,794,072","$334,958,353","$332,164,281"
108079004,Williamsburg Community SD,Blair,"1,572","$68,101,816","$7,938,754","$1,461,154","$6,538,817",14,"$12,397","$403,811","$84,040,541","$83,636,730"
117080503,Athens Area SD  ,Bradford,"6,305","$338,673,476","$26,466,954","$15,713,339","$27,570,261","1,340","$2,507,846","$81,688,795","$408,424,030","$326,735,235"
117081003,Canton Area SD  ,Bradford,"2,553","$113,820,783","$13,092,465","$4,085,186","$18,632,239",84,"$134,758","$4,389,511","$149,630,673","$145,241,162"
117083004,Northeast Bradford SD  ,Bradford,"2,595","$114,000,262","$12,680,192","$5,984,915","$21,778,085",453,"$746,398","$24,312,638","$154,443,454","$130,130,816"
117086003,Sayre Area SD,Bradford,"3,721","$191,038,886","$10,376,345","$6,577,573","$8,238,493",870,"$1,423,077","$46,354,300","$216,231,297","$169,876,997"
117086503,Towanda Area SD ,Bradford,"4,875","$213,514,968","$18,926,067","$11,838,958","$29,496,964",223,"$349,061","$11,370,065","$273,776,957","$262,406,892"
117086653,Troy Area SD,Bradford,"4,563","$209,525,821","$20,669,320","$11,524,429","$38,989,572",731,"$1,337,878","$43,579,088","$280,709,142","$237,130,054"
117089003,Wyalusing Area SD,Bradford,"4,246","$180,106,478","$22,307,794","$12,622,814","$116,048,001",115,"$141,903","$4,622,248","$331,085,087","$326,462,839"
122091002,Bensalem Township SD,Bucks,"29,808","$1,811,995,381","$196,122,423","$63,712,552","$92,278,841",542,"$1,519,486","$49,494,658","$2,164,109,197","$2,114,614,539"
122091303,Bristol Borough SD,Bucks,"4,698","$240,514,522","$12,045,182","$5,704,318","$5,383,526",53,"$67,355","$2,193,974","$263,647,548","$261,453,574"
122091352,Bristol Township SD,Bucks,"25,934","$1,412,144,800","$73,694,109","$23,550,316","$27,918,184",304,"$487,474","$15,878,632","$1,537,307,409","$1,521,428,777"
122092002,Centennial SD,Bucks,"26,779","$1,624,256,720","$166,376,504","$127,697,078","$80,152,037",377,"$855,250","$27,858,306","$1,998,482,339","$1,970,624,033"
122092102,Central Bucks SD,Bucks,"61,247","$6,444,794,509","$1,082,914,045","$509,909,350","$602,780,314","2,177","$8,358,163","$272,252,866","$8,640,398,218","$8,368,145,352"
122092353,Council Rock SD ,Bucks,"36,199","$4,246,468,481","$1,067,101,092","$513,312,647","$761,639,848","1,989","$14,163,509","$461,352,085","$6,588,522,068","$6,127,169,983"
122097203,Morrisville Borough SD ,Bucks,"5,875","$360,773,515","$30,229,842","$10,462,752","$11,548,704",199,"$498,943","$16,252,215","$413,014,813","$396,762,598"
122097502,Neshaminy SD,Bucks,"34,892","$2,492,252,651","$265,256,864","$142,787,084","$107,675,728",750,"$2,540,636","$82,756,873","$3,007,972,327","$2,925,215,454"
122097604,New Hope-Solebury SD,Bucks,"5,812","$965,709,320","$253,562,837","$161,452,167","$205,735,918",536,"$4,012,277","$130,693,062","$1,586,460,242","$1,455,767,180"
122098003,Palisades SD,Bucks,"7,666","$551,540,161","$134,461,892","$70,747,413","$102,495,312",274,"$1,022,696","$33,312,573","$859,244,778","$825,932,205"
122098103,Pennridge SD,Bucks,"26,240","$2,050,794,825","$255,958,503","$110,521,155","$143,694,967",466,"$1,418,889","$46,217,883","$2,560,969,450","$2,514,751,567"
122098202,Pennsbury SD,Bucks,"34,009","$3,413,902,936","$395,190,859","$277,929,018","$228,063,782","1,613","$7,379,825","$240,385,179","$4,315,086,595","$4,074,701,416"
122098403,Quakertown Community SD,Bucks,"18,920","$1,261,888,867","$120,345,221","$51,500,920","$51,367,757",214,"$400,281","$13,038,469","$1,485,102,765","$1,472,064,296"
104101252,Butler Area SD  ,Butler,"26,716","$1,367,911,141","$138,107,747","$67,726,126","$120,387,856",153,"$355,601","$11,583,094","$1,694,132,870","$1,682,549,776"
104103603,Karns City Area SD,Butler,"4,369","$226,034,392","$14,200,484","$8,324,781","$32,144,037",18,"$23,428","$763,127","$280,703,694","$279,940,567"
104107803,Knoch SD,Butler,"9,032","$513,986,481","$79,138,353","$35,908,648","$59,859,580",75,"$240,815","$7,844,137","$688,893,062","$681,048,925"
104105003,Mars Area SD,Butler,"12,399","$1,387,957,733","$218,751,203","$95,625,769","$127,999,346",280,"$1,018,249","$33,167,720","$1,830,334,051","$1,797,166,331"
104105353,Moniteau SD,Butler,"4,184","$200,267,127","$14,372,635","$6,991,339","$10,687,301",28,"$23,184","$755,179","$232,318,402","$231,563,223"
104107903,Seneca Valley SD,Butler,"27,961","$2,629,449,178","$267,921,248","$134,442,380","$163,221,660",432,"$1,042,903","$33,970,782","$3,195,034,466","$3,161,063,684"
104107503,Slippery Rock Area SD  ,Butler,"8,194","$417,357,337","$40,318,169","$24,588,135","$47,538,510",57,"$363,126","$11,828,208","$529,802,151","$517,973,943"
108110603,Blacklick Valley SD,Cambria,"2,117","$91,962,562","$4,704,100","$1,526,287","$2,009,786",6,"$42,021","$1,368,762","$100,202,735","$98,833,973"
108111203,Cambria Heights SD,Cambria,"4,668","$213,213,035","$15,778,979","$8,767,439","$9,334,446",21,"$78,924","$2,570,814","$247,093,899","$244,523,085"
108111303,Central Cambria SD,Cambria,"6,219","$321,507,310","$29,030,969","$14,573,669","$15,252,737",34,"$35,185","$1,146,091","$380,364,685","$379,218,594"
108111403,Conemaugh Valley SD,Cambria,"2,933","$133,958,870","$5,135,049","$2,457,935","$3,569,836",9,"$5,437","$177,101","$145,121,690","$144,944,589"
108112003,Ferndale Area SD,Cambria,"1,999","$74,691,918","$3,218,100","$1,998,669","$1,121,543",5,"$3,449","$112,345","$81,030,230","$80,917,885"
108112203,Forest Hills SD ,Cambria,"5,766","$300,213,889","$24,013,704","$9,952,419","$9,739,823",40,"$58,340","$1,900,326","$343,919,835","$342,019,509"
108112502,Greater Johnstown SD,Cambria,"9,489","$298,320,876","$23,718,447","$8,877,859","$7,142,422",37,"$30,605","$996,906","$338,059,604","$337,062,698"
108114503,Northern Cambria SD,Cambria,"3,512","$154,200,184","$12,482,916","$4,256,744","$3,511,947",16,"$21,742","$708,208","$174,451,791","$173,743,583"
108116003,Penn Cambria SD ,Cambria,"5,942","$298,777,523","$22,319,989","$9,722,873","$10,735,720",35,"$30,398","$990,163","$341,556,105","$340,565,942"
108116303,Portage Area SD ,Cambria,"2,748","$121,741,083","$7,303,588","$3,696,518","$2,867,673",12,"$7,468","$243,257","$135,608,862","$135,365,605"
108116503,Richland SD,Cambria,"6,530","$351,100,793","$46,916,260","$21,094,609","$18,765,498",43,"$52,196","$1,700,195","$437,877,160","$436,176,965"
108118503,Westmont Hilltop SD,Cambria,"5,776","$314,710,624","$46,960,729","$25,044,324","$22,411,623",59,"$147,726","$4,811,922","$409,127,300","$404,315,378"
109122703,Cameron County SD,Cameron,"2,054","$75,223,796","$3,723,649","$4,741,891","$4,420,081",18,"$17,019","$554,365","$88,109,417","$87,555,052"
121135003,Jim Thorpe Area SD,Carbon,"7,452","$367,835,114","$36,124,552","$17,704,477","$23,447,768",241,"$605,574","$19,725,537","$445,111,911","$425,386,374"
121135503,Lehighton Area SD,Carbon,"8,501","$429,885,116","$42,958,716","$15,532,929","$19,307,129",88,"$152,220","$4,958,306","$507,683,890","$502,725,584"
121136503,Palmerton Area SD,Carbon,"6,888","$378,797,124","$23,397,595","$18,909,359","$26,368,977",93,"$121,956","$3,972,508","$447,473,055","$443,500,547"
121136603,Panther Valley SD,Carbon,"5,510","$225,384,372","$11,418,748","$6,785,180","$4,032,987",33,"$58,486","$1,905,081","$247,621,287","$245,716,206"
121139004,Weatherly Area SD,Carbon,"2,365","$106,913,654","$7,975,109","$4,442,897","$3,511,653",27,"$66,754","$2,174,397","$122,843,313","$120,668,916"
110141003,Bald Eagle Area SD,Centre,"5,973","$289,984,123","$23,401,727","$10,469,576","$12,188,891",30,"$43,809","$1,427,003","$336,044,317","$334,617,314"
110141103,Bellefonte Area SD,Centre,"12,043","$668,847,724","$62,113,287","$24,835,081","$31,343,665",89,"$146,767","$4,780,684","$787,139,757","$782,359,073"
110147003,Penns Valley Area SD,Centre,"6,064","$274,345,336","$47,653,745","$17,190,690","$23,894,010",61,"$90,564","$2,949,967","$363,083,781","$360,133,814"
110148002,State College Area SD  ,Centre,"31,145","$2,102,132,730","$296,415,339","$204,577,013","$228,546,072",749,"$1,225,012","$39,902,671","$2,831,671,154","$2,791,768,483"
124150503,Avon Grove SD,Chester,"14,712","$1,327,907,174","$156,957,797","$86,247,864","$124,194,269","3,229","$12,303,241","$400,757,036","$1,695,307,104","$1,294,550,068"
124151902,Coatesville Area SD,Chester,"31,278","$1,949,893,376","$141,200,920","$76,607,589","$64,811,084",804,"$1,868,233","$60,854,495","$2,232,512,969","$2,171,658,474"
124152003,Downingtown Area SD,Chester,"37,360","$4,402,487,668","$530,909,719","$257,299,379","$262,698,332","1,853","$6,514,942","$212,213,094","$5,453,395,098","$5,241,182,004"
124153503,Great Valley SD ,Chester,"17,181","$2,254,711,125","$530,652,386","$263,185,126","$388,869,653",998,"$4,564,092","$148,667,492","$3,437,418,290","$3,288,750,798"
124154003,Kennett Consolidated SD,Chester,"12,975","$1,230,805,573","$220,062,545","$134,788,306","$190,735,450","2,817","$13,839,932","$450,812,117","$1,776,391,874","$1,325,579,757"
124156503,Octorara Area SD,Chester,"8,325","$513,550,138","$108,868,832","$29,068,519","$205,025,587",435,"$2,483,549","$80,897,362","$856,513,076","$775,615,714"
124156603,Owen J Roberts SD,Chester,"17,570","$1,740,208,243","$279,529,003","$153,232,919","$217,806,547",524,"$1,961,837","$63,903,485","$2,390,776,712","$2,326,873,227"
124156703,Oxford Area SD  ,Chester,"11,501","$731,743,106","$74,637,410","$29,845,453","$35,277,973","1,352","$3,144,730","$102,434,202","$871,503,942","$769,069,740"
124157203,Phoenixville Area SD,Chester,"18,395","$1,802,175,863","$196,731,869","$135,060,010","$266,923,815",479,"$1,393,515","$45,391,368","$2,400,891,557","$2,355,500,189"
124157802,Tredyffrin-Easttown SD ,Chester,"20,660","$3,334,246,795","$770,789,925","$427,426,692","$541,689,242","1,456","$8,456,864","$275,467,883","$5,074,152,654","$4,798,684,771"
124158503,Unionville-Chadds Ford SD,Chester,"12,380","$1,743,726,527","$423,279,635","$278,503,129","$443,783,541","2,376","$18,339,389","$597,374,235","$2,889,292,832","$2,291,918,597"
124159002,West Chester Area SD,Chester,"53,696","$5,500,308,054","$848,550,787","$460,776,410","$629,627,155","3,521","$14,535,862","$473,480,847","$7,439,262,406","$6,965,781,559"
106160303,Allegheny-Clarion Valley SD,Clarion,"2,642","$121,931,527","$8,963,940","$4,907,837","$7,693,714",25,"$33,653","$1,096,189","$143,497,018","$142,400,829"
106161203,Clarion Area SD ,Clarion,"3,358","$151,499,180","$17,710,255","$17,034,221","$13,897,257",42,"$75,931","$2,473,322","$200,140,913","$197,667,591"
106161703,Clarion-Limestone Area SD,Clarion,"3,033","$134,679,970","$13,900,436","$8,292,923","$10,087,153",17,"$16,858","$549,121","$166,960,482","$166,411,361"
106166503,Keystone  SD,Clarion,"3,392","$144,959,897","$23,586,877","$6,762,689","$7,140,275",15,"$13,308","$433,485","$182,449,738","$182,016,253"
106167504,North Clarion County SD,Clarion,"2,101","$95,942,539","$9,682,683","$8,464,299","$9,048,355",13,"$31,020","$1,010,423","$123,137,876","$122,127,453"
106168003,Redbank Valley SD,Clarion,"3,467","$156,070,342","$13,972,805","$6,121,139","$8,966,889",18,"$15,181","$494,495","$185,131,175","$184,636,680"
106169003,Union  SD,Clarion,"1,753","$74,455,539","$5,400,617","$2,780,769","$3,795,132",10,"$15,739","$512,671","$86,432,057","$85,919,386"
110171003,Clearfield Area SD,Clearfield,"8,435","$360,181,227","$29,023,914","$17,341,796","$17,853,230",48,"$39,423","$1,284,137","$424,400,167","$423,116,030"
110171803,Curwensville Area SD,Clearfield,"3,242","$145,999,985","$16,309,694","$5,066,210","$10,522,115",17,"$19,082","$621,564","$177,898,004","$177,276,440"
106172003,Dubois Area SD  ,Clearfield,"13,977","$659,373,460","$78,766,958","$36,091,355","$37,436,864",93,"$154,055","$5,018,078","$811,668,637","$806,650,559"
110173003,Glendale SD,Clearfield,"2,222","$102,283,333","$4,593,127","$2,638,505","$1,874,820",13,"$10,838","$353,029","$111,389,785","$111,036,756"
110173504,Harmony Area SD ,Clearfield,977,"$40,857,221","$5,285,978","$1,786,238","$3,869,666",8,"$50,608","$1,648,469","$51,799,103","$50,150,634"
110175003,Moshannon Valley SD,Clearfield,"2,920","$141,935,956","$6,040,698","$3,686,959","$2,507,733",19,"$21,951","$715,016","$154,171,346","$153,456,330"
110177003,Philipsburg-Osceola Area SD,Clearfield,"6,145","$306,366,760","$17,010,319","$8,357,488","$14,763,353",50,"$90,581","$2,950,521","$346,497,920","$343,547,399"
110179003,West Branch Area SD,Clearfield,"3,361","$152,907,804","$8,863,868","$3,934,859","$6,799,988",28,"$27,791","$905,244","$172,506,519","$171,601,275"
110183602,Keystone Central SD,Clinton,"15,390","$709,471,807","$85,055,181","$25,587,295","$43,447,390",116,"$131,653","$4,288,371","$863,561,673","$859,273,302"
116191004,Benton Area SD  ,Columbia,"2,582","$120,296,843","$8,492,907","$5,814,077","$7,323,671",23,"$34,079","$1,110,065","$141,927,498","$140,817,433"
116191103,Berwick Area SD ,Columbia,"10,410","$472,717,596","$30,150,336","$17,536,655","$25,436,365",111,"$142,925","$4,655,537","$545,840,952","$541,185,415"
116191203,Bloomsburg Area SD,Columbia,"6,849","$355,005,379","$26,990,317","$14,952,539","$17,368,688",80,"$102,508","$3,339,023","$414,316,923","$410,977,900"
116191503,Central Columbia SD,Columbia,"7,295","$412,944,088","$55,411,441","$21,832,561","$30,253,045",68,"$196,701","$6,407,199","$520,441,135","$514,033,936"
116195004,Millville Area SD,Columbia,"2,550","$119,808,343","$13,852,694","$5,952,213","$5,915,481",26,"$48,798","$1,589,511","$145,528,731","$143,939,220"
116197503,Southern Columbia Area SD,Columbia,"5,192","$284,593,587","$45,173,708","$18,164,813","$22,291,842",49,"$113,039","$3,682,052","$370,223,950","$366,541,898"
105201033,Conneaut SD,Crawford,"7,928","$315,936,283","$48,179,623","$17,742,770","$21,089,508",101,"$159,842","$5,206,580","$402,948,184","$397,741,604"
105201352,Crawford Central SD,Crawford,"12,530","$537,361,205","$73,155,676","$36,284,349","$38,554,844",129,"$194,535","$6,336,645","$685,356,074","$679,019,429"
105204703,Penncrest SD,Crawford,"9,895","$452,243,792","$60,557,195","$19,034,493","$23,219,865",99,"$96,860","$3,155,049","$555,055,345","$551,900,296"
115210503,Big Spring SD,Cumberland,"10,073","$482,545,437","$81,978,999","$22,353,318","$33,064,103",62,"$122,116","$3,977,720","$619,941,857","$615,964,137"
115211003,Camp Hill SD,Cumberland,"6,374","$434,496,221","$66,334,544","$27,166,961","$22,431,027",118,"$253,146","$8,245,798","$550,428,753","$542,182,955"
115211103,Carlisle Area SD,Cumberland,"18,908","$966,674,712","$97,857,106","$58,012,313","$52,705,831",176,"$521,261","$16,979,186","$1,175,249,962","$1,158,270,776"
115211603,Cumberland Valley SD,Cumberland,"30,261","$2,425,786,276","$421,169,772","$180,872,391","$161,596,358",453,"$1,351,571","$44,025,114","$3,189,424,797","$3,145,399,683"
115212503,East Pennsboro Area SD ,Cumberland,"10,579","$635,136,895","$50,934,492","$25,950,280","$27,433,992",80,"$139,539","$4,545,244","$739,455,659","$734,910,415"
115216503,Mechanicsburg Area SD  ,Cumberland,"20,428","$1,376,154,415","$185,708,946","$82,560,170","$90,030,391",280,"$523,362","$17,047,622","$1,734,453,922","$1,717,406,300"
115218003,Shippensburg Area SD,Cumberland,"13,089","$625,618,553","$79,606,941","$22,852,642","$28,888,325",103,"$166,200","$5,413,681","$756,966,461","$751,552,780"
115218303,South Middleton SD,Cumberland,"8,888","$522,248,883","$48,383,492","$34,960,999","$24,976,092",96,"$207,230","$6,750,163","$630,569,466","$623,819,303"
115221402,Central Dauphin SD,Dauphin,"51,717","$3,120,664,565","$311,867,223","$146,675,866","$220,951,282",443,"$1,228,653","$40,021,270","$3,800,158,936","$3,760,137,666"
115221753,Derry Township SD,Dauphin,"11,996","$1,128,485,342","$94,718,257","$83,856,526","$71,190,767",258,"$604,336","$19,685,212","$1,378,250,892","$1,358,565,680"
115222504,Halifax Area SD ,Dauphin,"3,752","$205,727,822","$17,094,358","$7,661,538","$8,240,567",24,"$16,087","$524,007","$238,724,285","$238,200,278"
115222752,Harrisburg City SD,Dauphin,"21,359","$801,737,910","$49,277,816","$15,169,736","$17,185,813",149,"$260,545","$8,486,808","$883,371,275","$874,884,467"
115224003,Lower Dauphin SD,Dauphin,"12,839","$934,862,237","$110,631,414","$49,102,128","$66,913,020",155,"$408,413","$13,303,355","$1,161,508,799","$1,148,205,444"
115226003,Middletown Area SD,Dauphin,"9,528","$495,125,815","$25,010,227","$13,359,084","$12,960,797",51,"$68,080","$2,217,590","$546,455,923","$544,238,333"
115226103,Millersburg Area SD,Dauphin,"3,246","$155,358,244","$29,212,037","$10,978,621","$11,139,890",17,"$198,510","$6,466,124","$206,688,792","$200,222,668"
115228003,Steelton-Highspire SD  ,Dauphin,"3,966","$148,502,635","$5,827,063","$1,572,485","$1,040,940",15,"$14,804","$482,215","$156,943,123","$156,460,908"
115228303,Susquehanna Township SD,Dauphin,"13,580","$756,081,484","$59,040,262","$38,420,985","$35,776,404",115,"$288,668","$9,402,866","$889,319,135","$879,916,269"
115229003,Upper Dauphin Area SD  ,Dauphin,"4,422","$193,404,623","$37,528,254","$8,379,869","$10,162,187",29,"$48,888","$1,592,443","$249,474,933","$247,882,490"
125231232,Chester-Upland SD,Delaware,"14,449","$549,831,131","$38,271,481","$6,697,586","$8,389,773",626,"$807,891","$26,315,668","$603,189,971","$576,874,303"
125231303,Chichester SD,Delaware,"10,945","$617,232,147","$36,436,758","$14,016,619","$8,623,147","1,003","$1,725,589","$56,208,111","$676,308,671","$620,100,560"
125234103,Garnet Valley SD,Delaware,"14,550","$1,579,162,651","$229,397,245","$130,719,573","$107,195,600","2,223","$10,341,851","$336,868,111","$2,046,475,069","$1,709,606,958"
125234502,Haverford Township SD  ,Delaware,"23,460","$2,472,729,426","$364,151,571","$222,701,925","$268,468,612","1,094","$4,075,671","$132,758,013","$3,328,051,534","$3,195,293,521"
125235103,Interboro SD,Delaware,"11,194","$629,536,710","$26,814,237","$10,936,113","$10,878,170",378,"$693,777","$22,598,599","$678,165,230","$655,566,631"
125235502,Marple Newtown SD,Delaware,"19,396","$2,057,804,103","$476,912,095","$233,621,505","$236,679,431",965,"$5,034,906","$164,003,453","$3,005,017,134","$2,841,013,681"
125236903,Penn-Delco SD,Delaware,"13,373","$900,124,369","$63,601,446","$29,007,810","$29,388,632",971,"$2,040,734","$66,473,420","$1,022,122,257","$955,648,837"
125237603,Radnor Township SD,Delaware,"12,096","$2,224,196,145","$628,191,279","$347,903,162","$426,257,865","1,083","$7,875,685","$256,536,971","$3,626,548,451","$3,370,011,480"
125237702,Ridley SD,Delaware,"19,104","$1,247,118,861","$59,592,150","$28,949,051","$25,984,935",764,"$1,443,449","$47,017,883","$1,361,644,997","$1,314,627,114"
125237903,Rose Tree Media SD,Delaware,"18,482","$1,996,448,058","$398,743,358","$214,192,924","$342,401,821","1,399","$6,996,928","$227,912,964","$2,951,786,161","$2,723,873,197"
125238402,Southeast Delco SD,Delaware,"12,879","$611,593,775","$25,801,400","$6,712,382","$5,439,016",292,"$425,737","$13,867,655","$649,546,573","$635,678,918"
125238502,Springfield SD  ,Delaware,"13,309","$1,151,651,779","$110,537,610","$56,505,442","$62,405,467",611,"$1,875,568","$61,093,420","$1,381,100,298","$1,320,006,878"
125239452,Upper Darby SD  ,Delaware,"39,093","$2,088,659,364","$138,928,078","$46,267,208","$42,272,859",828,"$1,649,446","$53,727,883","$2,316,127,509","$2,262,399,626"
125239603,Wallingford-Swarthmore SD,Delaware,"9,457","$1,155,545,016","$213,368,636","$103,782,692","$125,929,976",888,"$4,309,604","$140,377,980","$1,598,626,320","$1,458,248,340"
125239652,William Penn SD ,Delaware,"17,224","$861,338,848","$43,766,527","$14,378,368","$15,186,861",305,"$456,630","$14,873,941","$934,670,604","$919,796,663"
109243503,Johnsonburg Area SD,Elk,"2,066","$91,539,157","$5,412,378","$3,357,926","$2,387,677",19,"$24,143","$786,417","$102,697,138","$101,910,721"
109246003,Ridgway Area SD ,Elk,"3,239","$142,210,435","$12,986,016","$9,118,262","$7,088,331",36,"$63,595","$2,071,498","$171,403,044","$169,331,546"
109248003,Saint Marys Area SD,Elk,"9,236","$453,847,465","$50,823,987","$29,529,226","$25,683,287",94,"$107,177","$3,491,107","$559,883,965","$556,392,858"
105251453,Corry Area SD,Erie,"5,959","$234,691,128","$33,046,394","$10,403,709","$12,651,223",326,"$448,627","$14,613,257","$290,792,454","$276,179,197"
105252602,Erie City SD,Erie,"38,105","$1,477,690,271","$123,496,272","$56,152,299","$46,504,921",340,"$472,257","$15,382,964","$1,703,843,763","$1,688,460,799"
105253303,Fairview SD,Erie,"5,349","$400,351,444","$97,714,156","$47,674,326","$52,447,777",138,"$465,620","$15,166,775","$598,187,703","$583,020,928"
105253553,Fort Leboeuf SD ,Erie,"7,227","$362,740,040","$49,526,345","$19,410,951","$24,873,556",91,"$123,708","$4,029,577","$456,550,892","$452,521,315"
105253903,General Mclane SD,Erie,"7,235","$394,780,818","$55,322,222","$19,229,536","$25,923,092",123,"$195,010","$6,352,117","$495,255,668","$488,903,551"
105254053,Girard SD,Erie,"5,039","$227,517,108","$19,186,299","$7,686,738","$8,752,343",37,"$33,522","$1,091,922","$263,142,488","$262,050,566"
105254353,Harbor Creek SD ,Erie,"7,213","$386,623,993","$36,824,834","$20,345,802","$19,073,920",114,"$167,512","$5,456,417","$462,868,549","$457,412,132"
105256553,Iroquois SD,Erie,"3,355","$138,981,882","$7,550,992","$3,999,318","$2,178,662",40,"$41,663","$1,357,101","$152,710,854","$151,353,753"
105257602,Millcreek Township SD  ,Erie,"27,125","$1,578,308,159","$229,277,439","$150,935,624","$185,275,838",407,"$819,752","$26,702,020","$2,143,797,060","$2,117,095,040"
105258303,North East SD,Erie,"5,110","$242,645,498","$35,812,264","$12,976,531","$13,277,124",257,"$448,522","$14,609,837","$304,711,417","$290,101,580"
105258503,Northwestern  SD,Erie,"4,070","$185,774,326","$15,290,022","$6,487,109","$7,044,931",24,"$18,189","$592,476","$214,596,388","$214,003,912"
105259103,Union City Area SD,Erie,"2,808","$116,976,081","$10,453,457","$3,868,007","$6,464,304",42,"$45,091","$1,468,762","$137,761,849","$136,293,087"
105259703,Wattsburg Area SD,Erie,"4,640","$248,601,660","$24,527,662","$9,307,403","$8,788,370",147,"$157,004","$5,114,137","$291,225,095","$286,110,958"
101260303,Albert Gallatin Area SD,Fayette,"9,097","$439,737,416","$29,681,293","$10,355,185","$13,556,484",75,"$90,233","$2,939,186","$493,330,378","$490,391,192"
101260803,Brownsville Area SD,Fayette,"4,788","$214,018,855","$9,642,429","$5,260,621","$8,426,366",15,"$12,382","$403,322","$237,348,271","$236,944,949"
101261302,Connellsville Area SD  ,Fayette,"14,406","$671,074,107","$62,300,902","$19,868,380","$36,783,969",79,"$79,924","$2,603,388","$790,027,358","$787,423,970"
101262903,Frazier SD,Fayette,"3,476","$184,770,598","$10,955,670","$5,072,508","$6,218,783",22,"$23,290","$758,632","$207,017,559","$206,258,927"
101264003,Laurel Highlands SD,Fayette,"9,385","$475,452,390","$45,454,491","$26,460,011","$42,721,999",65,"$174,766","$5,692,704","$590,088,891","$584,396,187"
101268003,Uniontown Area SD,Fayette,"10,357","$459,034,694","$69,354,692","$20,624,483","$29,767,885",76,"$159,028","$5,180,065","$578,781,754","$573,601,689"
106272003,Forest Area SD  ,Forest,"2,178","$76,506,301","$5,496,383","$6,286,799","$5,822,098",23,"$38,988","$1,269,967","$94,111,581","$92,841,614"
112281302,Chambersburg Area SD,Franklin,"34,993","$1,721,437,183","$190,550,740","$103,480,821","$123,730,362",315,"$627,778","$20,448,795","$2,139,199,106","$2,118,750,311"
112282004,Fannett-Metal SD,Franklin,"1,999","$93,378,366","$12,132,750","$3,141,010","$4,860,903",11,"$20,466","$666,645","$113,513,029","$112,846,384"
112283003,Greencastle-Antrim SD  ,Franklin,"10,180","$626,819,786","$77,501,388","$28,420,087","$38,266,859",218,"$807,532","$26,303,974","$771,008,120","$744,704,146"
112286003,Tuscarora SD,Franklin,"8,053","$420,125,864","$48,399,989","$16,683,814","$33,093,352",109,"$405,573","$13,210,847","$518,303,019","$505,092,172"
112289003,Waynesboro Area SD,Franklin,"16,101","$809,478,734","$69,596,776","$35,880,629","$42,527,660",219,"$527,388","$17,178,762","$957,483,799","$940,305,037"
111291304,Central Fulton SD,Fulton,"3,010","$137,333,130","$13,141,280","$5,305,480","$5,658,790",26,"$67,998","$2,214,919","$161,438,680","$159,223,761"
111292304,Forbes Road SD  ,Fulton,"1,329","$61,161,365","$5,592,760","$2,402,893","$3,801,636",14,"$17,357","$565,375","$72,958,654","$72,393,279"
111297504,Southern Fulton SD,Fulton,"2,581","$129,199,015","$10,587,891","$4,742,833","$5,354,119",50,"$122,874","$4,002,410","$149,883,858","$145,881,448"
101301303,Carmichaels Area SD,Greene,"2,801","$143,337,794","$9,036,393","$4,501,195","$8,921,396",18,"$44,222","$1,440,456","$165,796,778","$164,356,322"
101301403,Central Greene SD,Greene,"5,256","$265,019,576","$20,262,356","$14,506,458","$68,366,459",98,"$86,861","$2,829,349","$368,154,849","$365,325,500"
101303503,Jefferson-Morgan SD,Greene,"2,342","$121,533,420","$6,580,490","$3,344,879","$10,586,054",22,"$13,289","$432,866","$142,044,843","$141,611,977"
101306503,Southeastern Greene SD ,Greene,"1,736","$92,249,828","$32,155,923","$4,440,455","$11,500,561",24,"$750,577","$24,448,762","$140,346,767","$115,898,005"
101308503,West Greene SD  ,Greene,"1,821","$88,898,844","$5,840,376","$5,263,717","$59,347,866",46,"$35,165","$1,145,440","$159,350,803","$158,205,363"
111312503,Huntingdon Area SD,Huntingdon,"7,354","$321,746,166","$35,885,272","$17,741,626","$18,620,537",59,"$48,979","$1,595,407","$393,993,601","$392,398,194"
111312804,Juniata Valley SD,Huntingdon,"2,415","$108,600,017","$12,162,817","$5,080,125","$7,930,970",13,"$13,697","$446,156","$133,773,929","$133,327,773"
111316003,Mount Union Area SD,Huntingdon,"4,154","$178,292,309","$12,433,456","$4,139,076","$5,290,961",31,"$48,742","$1,587,687","$200,155,802","$198,568,115"
111317503,Southern Huntingdon County SD,Huntingdon,"3,571","$166,307,772","$13,862,218","$3,975,464","$10,364,759",30,"$30,682","$999,414","$194,510,213","$193,510,799"
128323303,Homer-Center SD ,Indiana,"2,942","$125,819,894","$6,143,264","$4,794,589","$4,872,227",7,"$4,075","$132,736","$141,629,974","$141,497,238"
128323703,Indiana Area SD ,Indiana,"12,334","$584,018,914","$85,612,953","$50,416,917","$43,641,104",117,"$142,068","$4,627,622","$763,689,888","$759,062,266"
128325203,Marion Center Area SD  ,Indiana,"4,132","$186,179,157","$22,808,388","$10,903,293","$12,065,249",25,"$13,462","$438,502","$231,956,087","$231,517,585"
128326303,Penns Manor Area SD,Indiana,"2,538","$117,209,314","$8,369,354","$3,674,380","$3,140,269",14,"$9,849","$320,814","$132,393,317","$132,072,503"
128327303,Purchase Line SD,Indiana,"2,699","$126,920,978","$13,621,053","$2,912,433","$3,767,679",21,"$37,228","$1,212,638","$147,222,143","$146,009,505"
128321103,River Valley SD,Indiana,"5,866","$279,342,763","$20,914,846","$11,176,375","$11,713,552",21,"$37,478","$1,220,782","$323,147,536","$321,926,754"
128328003,United SD,Indiana,"3,287","$154,011,995","$12,639,081","$4,717,118","$3,629,689",19,"$29,101","$947,915","$174,997,883","$174,049,968"
106330703,Brockway Area SD,Jefferson,"3,661","$161,163,271","$19,228,112","$9,851,733","$15,217,318",26,"$19,656","$640,261","$205,460,434","$204,820,173"
106330803,Brookville Area SD,Jefferson,"5,539","$229,215,817","$30,588,329","$12,400,111","$61,277,892",43,"$22,513","$733,322","$333,482,149","$332,748,827"
106338003,Punxsutawney Area SD,Jefferson,"8,934","$358,641,267","$67,365,560","$19,780,849","$18,267,480",53,"$77,527","$2,525,309","$464,055,156","$461,529,847"
111343603,Juniata County SD,Juniata,"10,814","$482,504,593","$94,954,998","$24,021,635","$33,326,968",61,"$82,053","$2,672,736","$634,808,194","$632,135,458"
119350303,Abington Heights SD,Lackawanna,"12,631","$958,654,208","$191,144,645","$105,418,136","$117,172,308",357,"$1,090,946","$35,535,700","$1,372,389,297","$1,336,853,597"
119351303,Carbondale Area SD,Lackawanna,"5,133","$215,374,653","$16,077,736","$5,590,987","$9,649,251",64,"$141,690","$4,615,309","$246,692,627","$242,077,318"
119352203,Dunmore SD,Lackawanna,"6,875","$360,987,789","$72,529,137","$32,669,783","$30,704,516",96,"$160,763","$5,236,580","$496,891,225","$491,654,645"
119354603,Lakeland SD,Lackawanna,"5,685","$306,381,476","$36,737,014","$14,605,190","$20,465,725",90,"$181,903","$5,925,179","$378,189,405","$372,264,226"
119355503,Mid Valley SD,Lackawanna,"7,528","$372,503,146","$27,605,824","$12,103,598","$15,580,679",59,"$126,381","$4,116,645","$427,793,247","$423,676,602"
119356503,North Pocono SD ,Lackawanna,"10,079","$631,501,323","$80,158,936","$27,869,235","$45,186,695",242,"$790,312","$25,743,062","$784,716,189","$758,973,127"
119356603,Old Forge SD,Lackawanna,"4,296","$229,198,307","$23,261,355","$10,860,279","$9,217,208",40,"$83,366","$2,715,505","$272,537,149","$269,821,644"
119357003,Riverside  SD,Lackawanna,"6,268","$327,988,823","$42,091,918","$19,060,952","$47,223,011",74,"$338,637","$11,030,521","$436,364,704","$425,334,183"
119357402,Scranton SD,Lackawanna,"30,356","$1,246,169,498","$94,968,968","$37,708,814","$42,800,435",346,"$582,828","$18,984,625","$1,421,647,715","$1,402,663,090"
119358403,Valley View SD  ,Lackawanna,"9,860","$528,641,787","$46,688,161","$24,487,861","$26,497,321",106,"$173,125","$5,639,251","$626,315,130","$620,675,879"
113361303,Cocalico SD,Lancaster,"12,330","$747,612,364","$234,344,675","$33,971,618","$48,285,535",232,"$1,018,969","$33,191,173","$1,064,214,192","$1,031,023,019"
113361503,Columbia Borough SD,Lancaster,"4,558","$190,556,013","$11,753,208","$3,874,022","$3,963,307",22,"$26,721","$870,391","$210,146,550","$209,276,159"
113361703,Conestoga Valley SD,Lancaster,"16,389","$872,156,451","$247,799,630","$58,140,197","$96,964,016",291,"$482,871","$15,728,697","$1,275,060,294","$1,259,331,597"
113362203,Donegal SD,Lancaster,"11,990","$708,039,882","$66,027,477","$25,653,242","$32,061,151",111,"$166,135","$5,411,564","$831,781,752","$826,370,188"
113362303,Eastern Lancaster County SD,Lancaster,"15,132","$685,230,851","$309,340,743","$62,192,049","$96,455,129",329,"$551,571","$17,966,482","$1,153,218,772","$1,135,252,290"
113362403,Elizabethtown Area SD  ,Lancaster,"15,026","$900,413,134","$105,629,360","$51,532,057","$85,189,757",153,"$264,583","$8,618,339","$1,142,764,308","$1,134,145,969"
113362603,Ephrata Area SD ,Lancaster,"18,138","$946,674,199","$199,434,320","$50,427,343","$72,309,894",251,"$401,450","$13,076,547","$1,268,845,756","$1,255,769,209"
113363103,Hempfield  SD,Lancaster,"26,274","$1,703,538,250","$307,568,184","$136,903,526","$153,767,556",377,"$1,159,234","$37,760,065","$2,301,777,516","$2,264,017,451"
113363603,Lampeter-Strasburg SD  ,Lancaster,"12,861","$694,048,867","$182,713,068","$102,623,740","$85,067,914",268,"$1,003,936","$32,701,498","$1,064,453,589","$1,031,752,091"
113364002,Lancaster SD,Lancaster,"37,140","$1,800,099,368","$210,270,862","$72,746,533","$133,614,610",447,"$1,094,278","$35,644,235","$2,216,731,373","$2,181,087,138"
113364403,Manheim Central SD,Lancaster,"13,367","$761,695,972","$204,361,900","$54,589,772","$64,442,310",192,"$447,194","$14,566,580","$1,085,089,954","$1,070,523,374"
113364503,Manheim Township SD,Lancaster,"21,194","$1,654,397,992","$332,905,397","$154,304,983","$166,468,631",448,"$1,436,346","$46,786,515","$2,308,077,003","$2,261,290,488"
113365203,Penn Manor SD,Lancaster,"20,398","$1,164,750,858","$200,588,442","$66,991,757","$94,260,425",258,"$523,022","$17,036,547","$1,526,591,482","$1,509,554,935"
113365303,Pequea Valley SD,Lancaster,"10,677","$425,183,830","$353,692,556","$30,990,851","$90,812,895",366,"$2,274,766","$74,096,612","$900,680,132","$826,583,520"
113367003,Solanco SD,Lancaster,"14,778","$667,366,673","$203,067,231","$41,125,810","$73,721,134",449,"$921,145","$30,004,723","$985,280,848","$955,276,125"
113369003,Warwick SD,Lancaster,"17,022","$1,031,662,842","$235,828,189","$89,202,268","$93,611,197",296,"$787,397","$25,648,111","$1,450,304,496","$1,424,656,385"
104372003,Ellwood City Area SD,Lawrence,"6,483","$313,320,238","$19,520,480","$8,929,644","$8,985,992",26,"$26,713","$870,130","$350,756,354","$349,886,224"
104374003,Laurel  SD,Lawrence,"3,643","$197,992,792","$20,717,497","$8,494,523","$13,168,265",20,"$26,146","$851,661","$240,373,077","$239,521,416"
104375003,Mohawk Area SD  ,Lawrence,"4,666","$253,535,958","$29,147,140","$8,594,166","$11,630,222",38,"$56,219","$1,831,238","$302,907,486","$301,076,248"
104375203,Neshannock Township SD ,Lawrence,"4,866","$312,497,872","$48,531,637","$26,349,684","$42,983,481",52,"$177,008","$5,765,733","$430,362,674","$424,596,941"
104375302,New Castle Area SD,Lawrence,"8,739","$328,560,766","$14,836,264","$7,408,159","$6,570,300",35,"$44,505","$1,449,674","$357,375,489","$355,925,815"
104376203,Shenango Area SD,Lawrence,"3,818","$208,390,250","$13,041,843","$7,596,760","$12,563,507",17,"$26,347","$858,208","$241,592,360","$240,734,152"
104377003,Union Area SD,Lawrence,"2,535","$108,374,487","$10,440,020","$4,767,009","$2,162,142",16,"$66,700","$2,172,638","$125,743,658","$123,571,020"
104378003,Wilmington Area SD,Lawrence,"4,572","$219,098,356","$40,199,019","$16,388,817","$27,434,106",48,"$62,324","$2,030,098","$303,120,298","$301,090,200"
113380303,Annville-Cleona SD,Lebanon,"5,874","$326,695,792","$60,047,886","$18,121,127","$30,771,551",50,"$140,220","$4,567,427","$435,636,356","$431,068,929"
113381303,Cornwall-Lebanon SD,Lebanon,"19,156","$1,083,672,353","$125,621,473","$72,570,972","$75,244,032",262,"$462,847","$15,076,450","$1,357,108,830","$1,342,032,380"
113382303,Eastern Lebanon County SD,Lebanon,"10,847","$530,169,004","$158,452,338","$34,143,548","$49,371,183",163,"$307,386","$10,012,573","$772,136,073","$762,123,500"
113384603,Lebanon SD,Lebanon,"12,020","$454,764,198","$18,314,588","$8,548,099","$13,837,844",45,"$48,668","$1,585,277","$495,464,729","$493,879,452"
113385003,Northern Lebanon SD,Lebanon,"8,851","$465,831,456","$67,154,095","$16,618,738","$28,010,652",75,"$95,476","$3,109,967","$577,614,941","$574,504,974"
113385303,Palmyra Area SD ,Lebanon,"13,485","$867,528,420","$64,803,560","$43,733,626","$46,283,669",119,"$199,419","$6,495,733","$1,022,349,275","$1,015,853,542"
121390302,Allentown City SD,Lehigh,"55,510","$2,197,161,684","$128,100,679","$53,283,640","$51,850,839",700,"$974,098","$31,729,577","$2,430,396,842","$2,398,667,265"
121391303,Catasauqua Area SD,Lehigh,"5,679","$283,982,450","$11,163,325","$6,355,192","$4,458,012",55,"$99,543","$3,242,443","$305,958,979","$302,716,536"
121392303,East Penn SD,Lehigh,"29,673","$2,170,751,336","$205,915,936","$139,747,192","$130,801,422",528,"$1,113,757","$36,278,730","$2,647,215,886","$2,610,937,156"
121394503,Northern Lehigh SD,Lehigh,"6,419","$337,471,368","$17,089,244","$11,168,792","$9,291,797",45,"$65,434","$2,131,401","$375,021,201","$372,889,800"
121394603,Northwestern Lehigh SD ,Lehigh,"7,608","$578,252,274","$79,912,460","$40,196,674","$49,621,047",111,"$482,375","$15,712,541","$747,982,455","$732,269,914"
121395103,Parkland SD,Lehigh,"33,576","$2,731,497,452","$333,187,656","$196,801,998","$272,496,166",740,"$2,086,781","$67,973,322","$3,533,983,272","$3,466,009,950"
121395603,Salisbury Township SD  ,Lehigh,"6,925","$450,973,746","$67,515,076","$49,400,368","$43,662,196",119,"$463,807","$15,107,720","$611,551,386","$596,443,666"
121395703,Southern Lehigh SD,Lehigh,"11,937","$1,196,484,087","$225,075,338","$100,594,973","$106,188,022",356,"$1,889,088","$61,533,811","$1,628,342,420","$1,566,808,609"
121397803,Whitehall-Coplay SD,Lehigh,"16,946","$839,509,267","$57,567,105","$35,138,059","$30,012,704",196,"$309,491","$10,081,140","$962,227,135","$952,145,995"
118401403,Crestwood SD,Luzerne,"10,008","$724,386,576","$74,244,265","$39,678,711","$43,045,261",175,"$380,944","$12,408,599","$881,354,813","$868,946,214"
118401603,Dallas SD,Luzerne,"10,506","$725,024,902","$173,953,613","$58,374,067","$92,862,692",201,"$720,899","$23,482,052","$1,050,215,274","$1,026,733,222"
118402603,Greater Nanticoke Area SD,Luzerne,"7,995","$334,767,878","$11,573,828","$7,968,615","$7,663,289",46,"$47,940","$1,561,564","$361,973,610","$360,412,046"
118403003,Hanover Area SD ,Luzerne,"7,473","$325,390,639","$18,327,576","$11,139,407","$12,075,565",48,"$69,141","$2,252,150","$366,933,187","$364,681,037"
118403302,Hazleton Area SD,Luzerne,"38,712","$1,644,874,872","$161,942,202","$63,471,779","$81,311,543",464,"$796,314","$25,938,567","$1,951,600,396","$1,925,661,829"
118403903,Lake-Lehman SD  ,Luzerne,"6,514","$400,386,122","$72,342,289","$29,527,373","$41,473,875",90,"$172,224","$5,609,902","$543,729,659","$538,119,757"
118406003,Northwest Area SD,Luzerne,"3,924","$201,890,762","$11,334,337","$6,266,190","$8,650,047",43,"$58,321","$1,899,707","$228,141,336","$226,241,629"
118406602,Pittston Area SD,Luzerne,"13,542","$697,870,624","$66,522,034","$33,817,888","$30,600,810",92,"$151,953","$4,949,609","$828,811,356","$823,861,747"
118408852,Wilkes-Barre Area SD,Luzerne,"27,006","$1,133,744,318","$101,347,730","$46,268,748","$45,026,406",286,"$522,449","$17,017,883","$1,326,387,202","$1,309,369,319"
118409203,Wyoming Area SD ,Luzerne,"9,187","$469,293,149","$42,771,318","$19,041,135","$29,981,918",97,"$280,079","$9,123,094","$561,087,520","$551,964,426"
118409302,Wyoming Valley West SD ,Luzerne,"20,215","$914,114,758","$75,287,686","$34,708,560","$50,681,084",174,"$407,261","$13,265,831","$1,074,792,088","$1,061,526,257"
117412003,East Lycoming SD,Lycoming,"5,277","$266,773,389","$17,180,887","$9,133,199","$27,011,617",33,"$20,906","$680,977","$320,099,092","$319,418,115"
117414003,Jersey Shore Area SD,Lycoming,"8,127","$395,763,080","$31,826,666","$13,047,919","$19,477,057",69,"$117,141","$3,815,668","$460,114,722","$456,299,054"
117414203,Loyalsock Township SD  ,Lycoming,"5,151","$312,700,748","$49,432,095","$30,349,024","$49,460,361",68,"$251,355","$8,187,459","$441,942,228","$433,754,769"
117415004,Montgomery Area SD,Lycoming,"3,028","$151,916,649","$15,755,569","$3,596,996","$6,475,280",30,"$105,753","$3,444,723","$177,744,494","$174,299,771"
117415103,Montoursville Area SD  ,Lycoming,"6,801","$347,014,596","$51,992,694","$23,939,551","$54,733,591",78,"$144,049","$4,692,150","$477,680,432","$472,988,282"
117415303,Muncy SD ,Lycoming,"3,487","$171,446,505","$12,824,482","$6,905,877","$15,666,671",24,"$37,216","$1,212,248","$206,843,535","$205,631,287"
117416103,South Williamsport Area SD,Lycoming,"4,535","$216,728,480","$14,483,436","$6,596,035","$10,384,659",31,"$25,978","$846,189","$248,192,610","$247,346,421"
117417202,Williamsport Area SD,Lycoming,"16,847","$727,455,035","$50,902,466","$28,354,106","$55,950,625",150,"$219,272","$7,142,410","$862,662,232","$855,519,822"
109420803,Bradford Area SD,Mckean,"8,052","$356,041,287","$25,619,077","$44,295,088","$22,235,152",908,"$1,344,043","$43,779,902","$448,190,604","$404,410,702"
109422303,Kane Area SD,Mckean,"3,290","$139,230,455","$13,212,640","$7,801,798","$7,711,895",81,"$100,761","$3,282,117","$167,956,788","$164,674,671"
109426003,Otto-Eldred SD  ,Mckean,"1,844","$81,482,223","$5,261,006","$4,933,425","$2,016,704",498,"$736,754","$23,998,502","$93,693,358","$69,694,856"
109426303,Port Allegany SD,Mckean,"2,540","$103,247,074","$7,794,315","$4,200,159","$3,976,099",193,"$236,451","$7,701,987","$119,217,647","$111,515,660"
109427503,Smethport Area SD,Mckean,"2,376","$102,090,562","$8,907,105","$4,840,337","$3,898,161",173,"$227,956","$7,425,277","$119,736,165","$112,310,888"
104431304,Commodore Perry SD,Mercer,"1,830","$69,443,030","$12,362,356","$3,085,178","$3,177,411",12,"$13,190","$429,642","$88,067,975","$87,638,333"
104432503,Farrell Area SD ,Mercer,"1,911","$61,764,406","$1,829,927","$1,320,104","$463,037",8,"$1,890","$61,564","$65,377,474","$65,315,910"
104432803,Greenville Area SD,Mercer,"4,359","$182,115,902","$13,443,014","$9,567,862","$10,303,686",30,"$56,765","$1,849,023","$215,430,464","$213,581,441"
104432903,Grove City Area SD,Mercer,"7,032","$358,092,144","$63,674,512","$21,410,485","$18,862,320",79,"$108,199","$3,524,397","$462,039,461","$458,515,064"
104433303,Hermitage SD,Mercer,"8,033","$426,141,345","$65,478,422","$33,590,674","$46,818,976",71,"$260,571","$8,487,655","$572,029,417","$563,541,762"
104433604,Jamestown Area SD,Mercer,"2,305","$103,484,373","$13,996,651","$4,715,008","$4,082,886",25,"$37,272","$1,214,072","$126,278,918","$125,064,846"
104433903,Lakeview SD,Mercer,"3,845","$167,458,736","$31,035,332","$10,317,182","$14,888,523",39,"$49,146","$1,600,847","$223,699,773","$222,098,926"
104435003,Mercer Area SD  ,Mercer,"4,277","$195,848,123","$25,241,130","$14,790,039","$16,651,954",26,"$107,078","$3,487,883","$252,531,246","$249,043,363"
104435303,Reynolds SD,Mercer,"3,929","$159,670,433","$15,611,463","$8,952,999","$8,406,454",23,"$27,240","$887,296","$192,641,349","$191,754,053"
104435603,Sharon City SD  ,Mercer,"4,947","$183,371,925","$29,269,932","$10,221,964","$6,569,485",18,"$200,877","$6,543,225","$229,433,306","$222,890,081"
104435703,Sharpsville Area SD,Mercer,"3,639","$175,851,632","$21,819,236","$7,665,815","$9,814,059",33,"$53,425","$1,740,228","$215,150,742","$213,410,514"
104437503,West Middlesex Area SD ,Mercer,"3,148","$151,420,820","$19,323,329","$6,304,041","$13,632,511",27,"$35,888","$1,168,990","$190,680,701","$189,511,711"
111444602,Mifflin County SD,Mifflin,"19,844","$867,410,722","$114,940,209","$30,298,645","$54,903,978",108,"$161,592","$5,263,583","$1,067,553,554","$1,062,289,971"
120452003,East Stroudsburg Area SD,Monroe,"20,894","$1,073,160,551","$67,103,247","$29,222,763","$59,087,042","2,242","$6,226,414","$202,814,788","$1,228,573,603","$1,025,758,815"
120455203,Pleasant Valley SD,Monroe,"15,286","$860,985,945","$66,953,301","$22,918,992","$29,318,240",741,"$1,917,225","$62,450,326","$980,176,478","$917,726,152"
120455403,Pocono Mountain SD,Monroe,"27,715","$1,368,179,921","$114,569,974","$60,310,241","$74,018,458","2,195","$6,055,305","$197,241,205","$1,617,078,594","$1,419,837,389"
120456003,Stroudsburg Area SD,Monroe,"15,536","$857,933,808","$104,030,312","$42,276,717","$71,565,060","1,211","$3,417,812","$111,329,381","$1,075,805,897","$964,476,516"
123460302,Abington SD,Montgomery,"28,967","$2,330,903,879","$379,028,505","$197,291,931","$344,185,311",688,"$2,919,409","$95,094,756","$3,251,409,626","$3,156,314,870"
123460504,Bryn Athyn SD,Montgomery,595,"$34,680,879","$27,650,253","$16,643,367","$26,808,499",42,"$370,165","$12,057,492","$105,782,998","$93,725,506"
123461302,Cheltenham Township SD ,Montgomery,"15,571","$1,232,169,990","$155,213,127","$83,559,187","$65,178,906",442,"$1,259,480","$41,025,407","$1,536,121,210","$1,495,095,803"
123461602,Colonial SD,Montgomery,"23,665","$2,541,201,593","$418,983,578","$218,444,047","$301,913,389",819,"$3,783,870","$123,253,094","$3,480,542,607","$3,357,289,513"
123463603,Hatboro-Horsham SD,Montgomery,"19,229","$1,686,092,515","$194,713,283","$104,594,331","$108,133,081",416,"$1,080,330","$35,189,902","$2,093,533,210","$2,058,343,308"
123463803,Jenkintown SD,Montgomery,"4,260","$333,088,915","$53,497,559","$36,216,442","$38,251,423",133,"$474,935","$15,470,195","$461,054,339","$445,584,144"
123464502,Lower Merion SD ,Montgomery,"33,157","$5,465,345,060","$2,489,204,953","$1,099,198,674","$1,385,959,456","2,940","$21,755,930","$708,662,215","$10,439,708,143","$9,731,045,928"
123464603,Lower Moreland Township SD,Montgomery,"6,677","$653,909,093","$252,880,696","$79,623,558","$120,487,702",251,"$1,292,117","$42,088,502","$1,106,901,049","$1,064,812,547"
123465303,Methacton SD,Montgomery,"17,978","$1,814,169,371","$226,485,702","$186,420,867","$164,765,454",552,"$1,818,544","$59,235,961","$2,391,841,394","$2,332,605,433"
123465602,Norristown Area SD,Montgomery,"29,270","$1,724,060,706","$110,648,212","$58,391,124","$56,172,336",335,"$644,941","$21,007,850","$1,949,272,378","$1,928,264,528"
123465702,North Penn SD,Montgomery,"53,629","$4,407,027,426","$418,316,577","$266,564,595","$208,949,477","1,080","$2,699,444","$87,929,772","$5,300,858,075","$5,212,928,303"
123466103,Perkiomen Valley SD,Montgomery,"17,016","$1,673,392,471","$150,516,174","$82,217,598","$92,166,810",346,"$854,337","$27,828,567","$1,998,293,053","$1,970,464,486"
123466303,Pottsgrove SD,Montgomery,"11,090","$750,766,548","$47,546,023","$24,482,426","$20,339,135",141,"$238,394","$7,765,277","$843,134,132","$835,368,855"
123466403,Pottstown SD,Montgomery,"10,736","$516,897,352","$22,575,345","$9,031,640","$10,453,811",114,"$119,665","$3,897,883","$558,958,148","$555,060,265"
123467103,Souderton Area SD,Montgomery,"23,654","$1,945,055,504","$286,767,505","$133,471,945","$136,971,669",462,"$1,262,201","$41,114,039","$2,502,266,623","$2,461,152,584"
123467203,Springfield Township SD,Montgomery,"9,499","$1,006,910,017","$150,903,565","$91,596,123","$105,500,132",296,"$1,285,537","$41,874,169","$1,354,909,837","$1,313,035,668"
123467303,Spring-Ford Area SD,Montgomery,"27,017","$2,786,118,151","$240,411,001","$135,530,589","$133,493,581",600,"$1,801,110","$58,668,078","$3,295,553,322","$3,236,885,244"
123468303,Upper Dublin SD ,Montgomery,"13,133","$1,560,281,434","$290,654,008","$167,437,653","$187,374,118",560,"$2,077,991","$67,687,003","$2,205,747,213","$2,138,060,210"
123468402,Upper Merion Area SD,Montgomery,"19,633","$1,802,028,794","$197,995,109","$117,695,166","$155,366,077",551,"$1,979,776","$64,487,818","$2,273,085,146","$2,208,597,328"
123468503,Upper Moreland Township SD,Montgomery,"11,425","$803,619,141","$68,821,268","$36,239,701","$37,168,051",164,"$411,682","$13,409,837","$945,848,161","$932,438,324"
123468603,Upper Perkiomen SD,Montgomery,"12,394","$853,613,367","$99,112,153","$33,660,535","$41,623,996",159,"$427,826","$13,935,700","$1,028,010,051","$1,014,074,351"
123469303,Wissahickon SD  ,Montgomery,"20,203","$2,370,085,887","$580,769,054","$330,690,874","$431,256,420",870,"$3,651,345","$118,936,319","$3,712,802,235","$3,593,865,916"
116471803,Danville Area SD,Montour,"9,463","$657,685,384","$47,073,805","$32,050,492","$28,198,227",107,"$157,137","$5,118,469","$765,007,908","$759,889,439"
120480803,Bangor Area SD  ,Northampton,"10,627","$650,402,142","$51,471,657","$27,882,518","$27,220,625",358,"$969,368","$31,575,505","$756,976,942","$725,401,437"
120481002,Bethlehem Area SD,Northampton,"57,468","$3,364,754,015","$333,866,216","$210,341,305","$172,659,718","1,212","$3,254,049","$105,995,081","$4,081,621,254","$3,975,626,173"
120483302,Easton Area SD  ,Northampton,"31,296","$1,958,254,501","$206,691,444","$90,233,785","$99,650,839","1,032","$2,797,236","$91,115,179","$2,354,830,569","$2,263,715,390"
120484803,Nazareth Area SD,Northampton,"15,093","$1,210,274,651","$128,299,779","$66,623,303","$88,465,193",388,"$1,018,955","$33,190,717","$1,493,662,926","$1,460,472,209"
120484903,Northampton Area SD,Northampton,"23,548","$1,401,676,139","$101,316,942","$64,297,289","$65,186,278",299,"$603,271","$19,650,521","$1,632,476,648","$1,612,826,127"
120485603,Pen Argyl Area SD,Northampton,"6,377","$358,355,318","$34,953,670","$13,743,066","$20,612,992",86,"$232,234","$7,564,625","$427,665,046","$420,100,421"
120486003,Saucon Valley SD,Northampton,"8,589","$739,459,345","$134,075,775","$64,452,627","$70,746,516",239,"$1,059,427","$34,509,023","$1,008,734,263","$974,225,240"
120488603,Wilson Area SD  ,Northampton,"8,068","$496,730,822","$44,377,157","$32,590,515","$44,586,513",224,"$640,696","$20,869,577","$618,285,007","$597,415,430"
116493503,Line Mountain SD,Northumberland,"4,342","$196,927,935","$25,926,086","$8,208,054","$13,606,687",30,"$120,424","$3,922,606","$244,668,762","$240,746,156"
116495003,Milton Area SD  ,Northumberland,"7,764","$355,627,681","$26,025,972","$11,396,951","$18,458,799",42,"$58,377","$1,901,531","$411,509,403","$409,607,872"
116495103,Mount Carmel Area SD,Northumberland,"5,020","$201,469,962","$7,839,028","$5,880,848","$4,267,558",32,"$50,736","$1,652,638","$219,457,396","$217,804,758"
116496503,Shamokin Area SD,Northumberland,"7,493","$304,955,178","$13,152,640","$7,031,503","$6,904,113",30,"$31,204","$1,016,417","$332,043,434","$331,027,017"
116496603,Shikellamy SD,Northumberland,"10,536","$460,403,268","$37,770,427","$17,458,131","$28,895,788",62,"$53,800","$1,752,443","$544,527,614","$542,775,171"
116498003,Warrior Run SD  ,Northumberland,"6,008","$281,814,442","$33,915,554","$10,510,036","$16,578,940",30,"$43,051","$1,402,313","$342,818,972","$341,416,659"
115503004,Greenwood SD,Perry,"2,655","$134,470,691","$21,246,506","$6,791,433","$17,171,875",19,"$47,318","$1,541,303","$179,680,505","$178,139,202"
115504003,Newport SD,Perry,"3,790","$179,952,015","$17,549,354","$6,210,776","$6,415,327",9,"$28,354","$923,583","$210,127,472","$209,203,889"
115506003,Susquenita SD,Perry,"7,221","$393,876,472","$31,091,897","$12,156,350","$15,358,642",47,"$57,486","$1,872,508","$452,483,361","$450,610,853"
115508003,West Perry SD,Perry,"9,071","$438,150,263","$69,692,300","$18,905,469","$29,103,004",48,"$92,228","$3,004,169","$555,851,036","$552,846,867"
126515001,Philadelphia City SD,Philadelphia,"613,573","$35,488,936,369","$3,242,250,668","$1,401,745,025","$1,687,107,400","14,204","$39,652,266","$1,291,604,756","$41,820,039,462","$40,528,434,706"
120522003,Delaware Valley SD,Pike,"14,242","$796,724,874","$90,343,461","$40,016,079","$40,022,938","3,320","$8,345,383","$271,836,580","$967,107,352","$695,270,772"
119648303,Wallenpaupack Area SD  ,Pike,"12,135","$593,535,359","$82,556,719","$52,853,874","$47,679,579","1,143","$3,469,878","$113,025,342","$776,625,531","$663,600,189"
109530304,Austin Area SD  ,Potter,530,"$20,058,628","$697,898","$578,540","$804,589",16,"$18,805","$612,541","$22,139,655","$21,527,114"
109531304,Coudersport Area SD,Potter,"2,432","$106,844,174","$17,265,084","$5,666,685","$11,573,878",127,"$188,638","$6,144,560","$141,349,821","$135,205,261"
109532804,Galeton Area SD ,Potter,"1,214","$41,282,266","$8,764,661","$2,365,493","$3,052,704",52,"$185,074","$6,028,469","$55,465,124","$49,436,655"
109535504,Northern Potter SD,Potter,"1,658","$63,262,789","$7,832,741","$2,496,267","$7,440,591",228,"$286,776","$9,341,238","$81,032,388","$71,691,150"
109537504,Oswayo Valley SD,Potter,"1,250","$54,341,780","$10,935,470","$4,575,251","$10,064,967",386,"$635,116","$20,687,818","$79,917,468","$59,229,650"
129540803,Blue Mountain SD,Schuylkill,"9,931","$600,447,448","$95,262,718","$33,787,950","$45,766,909",104,"$136,462","$4,445,016","$775,265,025","$770,820,009"
129544503,Mahanoy Area SD ,Schuylkill,"3,274","$139,260,090","$7,192,478","$4,288,372","$3,962,182",21,"$23,678","$771,270","$154,703,122","$153,931,852"
129544703,Minersville Area SD,Schuylkill,"3,939","$186,121,352","$8,256,659","$4,466,345","$3,715,622",14,"$10,314","$335,961","$202,559,978","$202,224,017"
129545003,North Schuylkill SD,Schuylkill,"6,928","$330,077,755","$13,788,063","$10,006,278","$8,090,618",31,"$36,126","$1,176,743","$361,962,714","$360,785,971"
129546003,Pine Grove Area SD,Schuylkill,"5,691","$289,546,365","$29,316,827","$8,763,920","$10,266,197",38,"$53,370","$1,738,436","$337,893,309","$336,154,873"
129546103,Pottsville Area SD,Schuylkill,"9,136","$416,412,563","$62,238,645","$39,679,218","$73,462,300",63,"$700,930","$22,831,596","$591,792,726","$568,961,130"
129546803,Saint Clair Area SD,Schuylkill,"2,850","$121,940,835","$5,525,690","$3,239,103","$1,916,089",12,"$16,844","$548,664","$132,621,717","$132,073,053"
129547303,Schuylkill Haven Area SD,Schuylkill,"4,321","$231,971,605","$18,426,377","$7,650,782","$7,887,508",36,"$46,952","$1,529,381","$265,936,272","$264,406,891"
129547203,Shenandoah Valley SD,Schuylkill,"3,121","$122,412,664","$9,152,075","$3,779,250","$1,706,241",28,"$37,043","$1,206,612","$137,050,230","$135,843,618"
129547603,Tamaqua Area SD ,Schuylkill,"7,810","$374,376,076","$44,856,095","$17,338,366","$18,408,250",60,"$306,935","$9,997,883","$454,978,787","$444,980,904"
129547803,Tri-Valley SD,Schuylkill,"3,123","$160,714,367","$28,878,455","$8,469,011","$7,047,522",25,"$57,138","$1,861,173","$205,109,355","$203,248,182"
129548803,Williams Valley SD,Schuylkill,"3,375","$152,148,038","$4,670,637","$3,411,073","$2,088,231",9,"$5,011","$163,225","$162,317,979","$162,154,754"
116555003,Midd-West SD,Snyder,"8,110","$334,306,421","$65,664,974","$14,324,232","$28,318,716",66,"$160,340","$5,222,801","$442,614,343","$437,391,542"
116557103,Selinsgrove Area SD,Snyder,"9,959","$464,692,628","$81,876,873","$26,664,560","$36,661,129",84,"$126,239","$4,112,020","$609,895,190","$605,783,170"
108561003,Berlin Brothersvalley SD,Somerset,"2,662","$126,026,416","$12,150,855","$5,131,119","$6,900,545",19,"$34,963","$1,138,860","$150,208,935","$149,070,075"
108561803,Conemaugh Township Area SD,Somerset,"3,578","$162,933,187","$15,486,499","$8,505,251","$7,527,785",23,"$44,643","$1,454,169","$194,452,722","$192,998,553"
108565203,Meyersdale Area SD,Somerset,"3,035","$135,543,221","$10,837,367","$4,124,869","$3,826,293",34,"$66,210","$2,156,678","$154,331,750","$152,175,072"
108565503,North Star SD,Somerset,"3,816","$164,381,715","$15,434,648","$7,465,462","$7,174,798",21,"$26,008","$847,166","$194,456,623","$193,609,457"
108566303,Rockwood Area SD,Somerset,"2,597","$125,794,944","$27,612,304","$8,648,230","$7,702,034",22,"$118,775","$3,868,893","$169,757,512","$165,888,619"
108567004,Salisbury-Elk Lick SD  ,Somerset,"1,213","$47,629,813","$10,038,694","$2,474,282","$4,500,303",19,"$35,890","$1,169,055","$64,643,092","$63,474,037"
108567204,Shade-Central City SD  ,Somerset,"1,587","$69,350,605","$3,054,776","$1,706,985","$1,450,254",12,"$13,673","$445,375","$75,562,620","$75,117,245"
108567404,Shanksville-Stonycreek SD,Somerset,"1,258","$60,804,978","$18,220,544","$6,786,934","$7,567,406",11,"$38,921","$1,267,785","$93,379,862","$92,112,077"
108567703,Somerset Area SD,Somerset,"8,150","$381,124,987","$67,373,102","$28,760,381","$39,819,348",75,"$134,916","$4,394,658","$517,077,818","$512,683,160"
108568404,Turkeyfoot Valley Area SD,Somerset,"1,160","$42,441,292","$2,818,911","$2,027,894","$2,617,450",10,"$13,111","$427,068","$49,905,547","$49,478,479"
108569103,Windber Area SD ,Somerset,"4,014","$177,324,769","$8,506,479","$6,048,714","$5,381,105",22,"$24,021","$782,443","$197,261,067","$196,478,624"
117576303,Sullivan County SD,Sullivan,"2,823","$108,348,190","$10,590,399","$10,640,421","$42,692,814",35,"$75,276","$2,451,987","$172,271,824","$169,819,837"
119581003,Blue Ridge SD,Susquehanna,"3,256","$131,668,081","$13,710,112","$7,278,098","$34,461,369",777,"$1,320,698","$43,019,479","$187,117,660","$144,098,181"
119582503,Elk Lake SD,Susquehanna,"3,449","$133,400,577","$13,659,771","$12,187,460","$129,701,632",140,"$212,343","$6,916,710","$288,949,440","$282,032,730"
119583003,Forest City Regional SD,Susquehanna,"2,654","$118,321,506","$15,282,829","$6,764,001","$10,160,759",69,"$191,638","$6,242,280","$150,529,095","$144,286,815"
119584503,Montrose Area SD,Susquehanna,"5,243","$233,597,557","$43,866,889","$18,339,086","$93,618,402","1,225","$2,418,338","$78,773,225","$389,421,934","$310,648,709"
119584603,Mountain View SD,Susquehanna,"3,935","$171,854,626","$30,167,299","$17,933,770","$89,893,966",152,"$344,816","$11,231,792","$309,849,661","$298,617,869"
119586503,Susquehanna Community SD,Susquehanna,"2,817","$124,431,040","$10,132,103","$5,591,737","$17,183,703",505,"$809,709","$26,374,886","$157,338,583","$130,963,697"
117596003,Northern Tioga SD,Tioga,"6,144","$268,906,724","$18,973,701","$9,301,411","$28,169,217","1,402","$2,502,661","$81,519,902","$325,351,053","$243,831,151"
117597003,Southern Tioga SD,Tioga,"6,397","$280,418,374","$35,483,619","$14,330,740","$56,355,468",358,"$665,336","$21,672,182","$386,588,201","$364,916,019"
117598503,Wellsboro Area SD,Tioga,"5,394","$237,741,789","$23,504,262","$13,835,833","$36,363,323",296,"$595,578","$19,399,935","$311,445,207","$292,045,272"
116604003,Lewisburg Area SD,Union,"7,286","$531,293,019","$72,489,551","$50,224,039","$50,518,973",139,"$321,910","$10,485,668","$704,525,582","$694,039,914"
116605003,Mifflinburg Area SD,Union,"7,367","$324,496,501","$68,030,981","$15,828,233","$33,598,695",52,"$114,457","$3,728,241","$441,954,410","$438,226,169"
106611303,Cranberry Area SD,Venango,"4,128","$184,257,567","$19,315,524","$10,002,185","$10,279,982",29,"$56,224","$1,831,401","$223,855,258","$222,023,857"
106612203,Franklin Area SD,Venango,"6,483","$276,884,754","$30,651,775","$12,918,196","$18,327,077",34,"$69,101","$2,250,847","$338,781,802","$336,530,955"
106616203,Oil City Area SD,Venango,"5,582","$214,550,626","$21,372,625","$15,467,808","$19,696,289",18,"$23,895","$778,339","$271,087,348","$270,309,009"
106617203,Titusville Area SD,Venango,"5,320","$201,636,180","$29,418,898","$10,716,458","$13,193,670",37,"$102,417","$3,336,059","$254,965,206","$251,629,147"
106618603,Valley Grove SD ,Venango,"2,857","$118,451,054","$6,646,748","$4,495,217","$7,401,565",18,"$25,333","$825,179","$136,994,584","$136,169,405"
105628302,Warren County SD,Warren,"15,664","$681,264,625","$68,394,029","$42,773,316","$40,095,499","1,418","$2,283,853","$74,392,606","$832,527,469","$758,134,863"
101630504,Avella Area SD  ,Washington,"1,966","$104,744,649","$17,391,868","$6,633,332","$30,369,702",25,"$26,755","$871,498","$159,139,551","$158,268,053"
101630903,Bentworth SD,Washington,"3,726","$186,647,849","$13,930,073","$8,063,474","$33,330,367",34,"$31,984","$1,041,824","$241,971,763","$240,929,939"
101631003,Bethlehem-Center SD,Washington,"4,018","$198,532,414","$15,188,248","$6,087,510","$18,902,320",24,"$60,808","$1,980,717","$238,710,492","$236,729,775"
101631203,Burgettstown Area SD,Washington,"4,403","$229,173,576","$18,038,320","$7,701,540","$24,545,753",32,"$44,448","$1,447,818","$279,459,189","$278,011,371"
101631503,California Area SD,Washington,"3,484","$168,514,295","$13,668,699","$7,269,477","$7,267,198",17,"$8,326","$271,205","$196,719,669","$196,448,464"
101631703,Canon-Mcmillan SD,Washington,"20,883","$1,669,332,240","$196,833,192","$88,462,323","$123,584,770",261,"$675,770","$22,012,052","$2,078,212,525","$2,056,200,473"
101631803,Charleroi SD,Washington,"5,396","$243,127,134","$11,331,721","$7,918,128","$11,763,321",32,"$27,301","$889,283","$274,140,304","$273,251,021"
101631903,Chartiers-Houston SD,Washington,"5,327","$317,606,516","$21,289,395","$14,721,989","$24,611,924",40,"$76,038","$2,476,808","$378,229,824","$375,753,016"
101632403,Fort Cherry SD  ,Washington,"3,922","$222,640,885","$40,204,998","$11,383,664","$43,223,879",24,"$145,743","$4,747,329","$317,453,426","$312,706,097"
101633903,Mcguffey SD,Washington,"5,488","$298,139,658","$27,744,836","$13,666,103","$92,355,151",85,"$94,672","$3,083,779","$431,905,748","$428,821,969"
101636503,Peters Township SD,Washington,"11,142","$1,332,268,485","$299,478,427","$137,755,869","$211,657,889",329,"$1,165,580","$37,966,775","$1,981,160,670","$1,943,193,895"
101637002,Ringgold SD,Washington,"11,263","$562,317,698","$49,853,685","$26,788,013","$41,148,600",49,"$86,457","$2,816,189","$680,107,996","$677,291,807"
101638003,Trinity Area SD ,Washington,"12,567","$729,915,586","$72,825,762","$42,779,786","$93,755,670",139,"$250,810","$8,169,707","$939,276,804","$931,107,097"
101638803,Washington SD,Washington,"6,169","$253,175,296","$16,433,940","$7,163,135","$12,735,240",35,"$43,610","$1,420,521","$289,507,611","$288,087,090"
119648703,Wayne Highlands SD,Wayne,"10,417","$476,266,251","$88,494,661","$41,382,310","$52,369,516","1,011","$2,126,590","$69,270,033","$658,512,738","$589,242,705"
119648903,Western Wayne SD,Wayne,"7,140","$330,515,980","$38,440,796","$19,630,235","$24,018,043",281,"$743,443","$24,216,384","$412,605,054","$388,388,670"
107650603,Belle Vernon Area SD,Westmoreland,"8,998","$508,117,401","$60,852,090","$21,982,489","$27,515,459",56,"$83,624","$2,723,909","$618,467,439","$615,743,530"
107650703,Burrell SD,Westmoreland,"7,037","$376,727,082","$22,554,216","$18,590,474","$21,144,072",33,"$27,677","$901,531","$439,015,844","$438,114,313"
107651603,Derry Area SD,Westmoreland,"7,755","$354,137,557","$33,069,648","$15,065,700","$14,743,346",38,"$45,426","$1,479,674","$417,016,251","$415,536,577"
107652603,Franklin Regional SD,Westmoreland,"11,882","$996,913,103","$190,364,220","$94,287,933","$110,105,503",173,"$578,855","$18,855,212","$1,391,670,759","$1,372,815,547"
107653102,Greater Latrobe SD,Westmoreland,"14,449","$876,756,809","$128,597,636","$64,156,731","$89,733,028",108,"$116,950","$3,809,446","$1,159,244,204","$1,155,434,758"
107653203,Greensburg Salem SD,Westmoreland,"12,407","$585,572,209","$50,520,068","$30,305,432","$35,600,324",77,"$89,425","$2,912,866","$701,998,033","$699,085,167"
107653802,Hempfield Area SD,Westmoreland,"23,034","$1,324,413,330","$137,785,269","$72,406,821","$85,736,243",146,"$243,454","$7,930,098","$1,620,341,663","$1,612,411,565"
107654103,Jeannette City SD,Westmoreland,"3,975","$167,073,793","$7,276,147","$3,629,304","$3,668,145",11,"$11,598","$377,785","$181,647,389","$181,269,604"
107654403,Kiski Area SD,Westmoreland,"12,930","$690,674,515","$66,878,945","$33,112,862","$36,414,760",64,"$67,574","$2,201,107","$827,081,082","$824,879,975"
107654903,Ligonier Valley SD,Westmoreland,"6,991","$357,256,252","$57,675,878","$42,890,437","$51,164,437",89,"$178,486","$5,813,876","$508,987,004","$503,173,128"
107655803,Monessen City SD,Westmoreland,"3,208","$130,306,556","$6,756,266","$4,454,751","$3,500,269",15,"$20,565","$669,870","$145,017,842","$144,347,972"
107655903,Mount Pleasant Area SD ,Westmoreland,"8,429","$419,783,676","$47,115,824","$18,051,778","$64,344,343",65,"$178,725","$5,821,661","$549,295,621","$543,473,960"
107656303,New Kensington-Arnold SD,Westmoreland,"7,394","$304,082,615","$16,131,105","$10,247,364","$11,941,773",23,"$33,860","$1,102,932","$342,402,857","$341,299,925"
107656502,Norwin SD,Westmoreland,"19,349","$1,316,085,043","$129,825,428","$58,673,240","$51,741,383",124,"$356,673","$11,618,013","$1,556,325,094","$1,544,707,081"
107657103,Penn-Trafford SD,Westmoreland,"13,309","$954,147,383","$147,073,337","$54,560,932","$50,820,487",114,"$700,052","$22,802,997","$1,206,602,139","$1,183,799,142"
107657503,Southmoreland SD,Westmoreland,"6,734","$332,514,089","$34,172,360","$11,558,115","$14,606,208",30,"$111,884","$3,644,430","$392,850,772","$389,206,342"
107658903,Yough SD ,Westmoreland,"7,178","$359,956,053","$61,118,317","$13,068,788","$17,588,126",36,"$53,659","$1,747,850","$451,731,284","$449,983,434"
119665003,Lackawanna Trail SD,Wyoming,"3,965","$210,210,276","$30,651,501","$9,060,941","$14,128,992",74,"$176,635","$5,753,583","$264,051,710","$258,298,127"
118667503,Tunkhannock Area SD,Wyoming,"8,820","$416,040,422","$52,660,861","$27,699,673","$73,193,892",141,"$198,329","$6,460,228","$569,594,848","$563,134,620"
112671303,Central York SD ,York,"20,391","$1,329,835,186","$150,911,359","$68,318,595","$94,000,181",283,"$486,670","$15,852,443","$1,643,065,321","$1,627,212,878"
112671603,Dallastown Area SD,York,"21,416","$1,426,205,443","$178,095,273","$83,685,880","$108,605,403",313,"$875,650","$28,522,801","$1,796,591,999","$1,768,069,198"
112671803,Dover Area SD,York,"12,686","$692,273,838","$43,259,190","$20,737,945","$21,788,338",99,"$156,152","$5,086,384","$778,059,311","$772,972,927"
112672203,Eastern York SD ,York,"9,592","$560,642,739","$54,313,611","$22,722,639","$41,764,433",88,"$181,602","$5,915,375","$679,443,422","$673,528,047"
112672803,Hanover Public SD,York,"8,384","$371,487,209","$23,315,022","$18,147,621","$12,835,981",55,"$54,263","$1,767,524","$425,785,833","$424,018,309"
112674403,Northeastern York SD,York,"13,129","$818,527,549","$47,344,129","$16,923,929","$22,225,305",88,"$110,632","$3,603,648","$905,020,912","$901,417,264"
115674603,Northern York County SD,York,"12,234","$815,420,393","$127,444,248","$42,852,862","$61,838,631",143,"$329,010","$10,716,938","$1,047,556,134","$1,036,839,196"
112675503,Red Lion Area SD,York,"18,278","$1,075,971,354","$104,865,123","$37,607,455","$46,847,384",215,"$437,601","$14,254,104","$1,265,291,316","$1,251,037,212"
112676203,South Eastern SD,York,"9,867","$649,382,162","$45,953,097","$21,300,451","$26,180,552",272,"$608,745","$19,828,827","$742,816,262","$722,987,435"
112676403,South Western SD,York,"15,034","$951,966,847","$87,459,142","$42,205,769","$63,820,962",212,"$506,779","$16,507,459","$1,145,452,720","$1,128,945,261"
112676503,Southern York County SD,York,"10,899","$756,161,396","$54,136,898","$32,463,517","$32,404,057",205,"$464,754","$15,138,567","$875,165,868","$860,027,301"
112676703,Spring Grove Area SD,York,"14,317","$840,578,248","$80,751,830","$35,073,651","$46,721,023",117,"$240,302","$7,827,427","$1,003,124,752","$995,297,325"
115219002,West Shore SD,York,"30,382","$1,956,397,971","$212,275,761","$113,572,775","$130,565,863",287,"$732,686","$23,865,993","$2,412,812,370","$2,388,946,377"
112678503,West York Area SD,York,"12,018","$627,823,399","$36,289,776","$25,950,573","$22,276,521",83,"$113,788","$3,706,450","$712,340,269","$708,633,819"
112679002,York City SD,York,"17,955","$629,040,101","$26,465,106","$7,559,456","$13,798,282",60,"$77,357","$2,519,772","$676,862,945","$674,343,173"
112679403,York Suburban SD,York,"11,048","$743,032,005","$106,510,575","$58,586,346","$72,979,558",162,"$474,521","$15,456,710","$981,108,484","$965,651,774"
,,,,,,,,,,,,
,,,"5,970,859","$382,715,948,163","$49,096,506,546","$23,861,641,679","$30,574,416,996","140,322","$444,049,163","$14,464,142,114","$486,248,513,384","$471,784,371,270"